﻿{
  "MICROSOFT.AUTOMATION/AUTOMATIONACCOUNTS/JOBLOGS": "amdl:auto:acct:jobLogs",
  "MICROSOFT.AUTOMATION/AUTOMATIONACCOUNTS/JOBSTREAMS": "amdl:auto:acct:jobStreams",
  "MICROSOFT.BATCH/BATCHACCOUNTS/SERVICELOG": "amdl:btch:acct:serviceLog",
  "MICROSOFT.DATALAKEANALYTICS/ACCOUNTS/AUDIT": "amdl:dalk:acct:audit",
  "MICROSOFT.DATALAKEANALYTICS/ACCOUNTS/REQUESTS": "amdl:dalk:acct:requests",
  "MICROSOFT.DATALAKESTORE/ACCOUNTS/AUDIT": "amdl:dlst:acct:audit",
  "MICROSOFT.DATALAKESTORE/ACCOUNTS/REQUESTS": "amdl:dlst:acct:requests",
  "MICROSOFT.EVENTHUB/NAMESPACES/ARCHIVELOGS": "amdl:eh:ns:archiveLogs",
  "MICROSOFT.EVENTHUB/NAMESPACES/OPERATIONALLOGS": "amdl:eh:ns:operationalLogs",
  "MICROSOFT.KEYVAULT/VAULTS/AUDITEVENT": "amdl:keyv:vaul:auditEvent",
  "MICROSOFT.LOGIC/WORKFLOWS/WORKFLOWRUNTIME": "amdl:logc:wkfl:workflowRuntime",
  "MICROSOFT.LOGIC/INTEGRATIONACCOUNTS/INTEGRATIONACCOUNTTRACKINGEVENTS": "amdl:logc:acct:tracking",
  "MICROSOFT.NETWORK/NETWORKSECURITYGROUPS/NETWORKSECURITYGROUPEVENT": "amdl:net:nsg:event",
  "MICROSOFT.NETWORK/NETWORKSECURITYGROUPS/NETWORKSECURITYGROUPRULECOUNTER": "amdl:net:nsg:rule",
  "MICROSOFT.NETWORK/LOADBALANCERS/LOADBALANCERALERTEVENT": "amdl:net:lb:alert",
  "MICROSOFT.NETWORK/LOADBALANCERS/LOADBALANCERPROBEHEALTHSTATUS": "amdl:net:lb:probeHealth",
  "MICROSOFT.NETWORK/APPLICATIONGATEWAYS/APPLICATIONGATEWAYACCESSLOG": "amdl:net:ag:access",
  "MICROSOFT.NETWORK/APPLICATIONGATEWAYS/APPLICATIONGATEWAYPERFORMANCELOG": "amdl:net:ag:perf",
  "MICROSOFT.NETWORK/APPLICATIONGATEWAYS/APPLICATIONGATEWAYFIREWALLLOG": "amdl:net:ag:firewall",
  "MICROSOFT.SEARCH/SEARCHSERVICES/OPERATIONLOGS": "amdl:srch:srch:operationLogs",
  "MICROSOFT.SERVERMANAGEMENT/NODES/REQUESTLOGS": "amdl:srvr:node:requestLogs",
  "MICROSOFT.SERVICEBUS/NAMESPACES/OPERATIONALLOGS": "amdl:sb:ns:operationalLogs",
  "MICROSOFT.SQL/SERVERS/DATABASES/QUERYSTORERUNTIMESTATISTICS": "amdl:sql:db:stats",
  "MICROSOFT.STREAMANALYTICS/STREAMINGJOBS/EXECUTION": "amdl:sa:jobs:execution",
  "MICROSOFT.STREAMANALYTICS/STREAMINGJOBS/AUTHORING": "amdl:sa:jobs:authoring",
  "MICROSOFT.SECURITYGRAPH/ALERT": "amdl:securitygraph:alert",
  "MICROSOFT.AADIAM/AUDIT": "amdl:aadal:audit",
  "MICROSOFT.AADIAM/SIGNIN": "amdl:aadal:signin"
}